<?xml version="1.0" encoding="UTF-8"?>
<!DOCTYPE suite SYSTEM "https://testng.org/testng-1.0.dtd">
<suite name="Leaftaps Leads UI Cases" parallel = "classes" thread-count = "2" verbose = "5">
  <test name="Create Lead Test - Chrome">
    <classes>
      <class name="com.leaftaps.ui.tests.CreateLead_Positive"/>
      <class name="com.leaftaps.ui.tests.DeleteLead_Positive"/>
      <class name="com.leaftaps.ui.tests.DuplicateLead_Positive"/>
      <class name="com.leaftaps.ui.tests.EditLead_Positive"/>
      <class name="com.leaftaps.ui.tests.MergeLead_Positive"/> 
    </classes>
  </test> <!-- Create Lead Test -->
 </suite> <!-- Leaftaps Leads UI Cases -->
